"id_dominio","Freq","estimacion","estimacion_var","CV","estim_EBLUP","estim_EBLUP_ECM","FH_CV","EB","estim_EB_ECM","EB_CV"
"ES43_Female_6+",7,1,0.000201599517645345,0,0.994252336934773,0.000198906509632219,1.41849522382154,0.732296635086573,7.49292311905554e-05,1.18205749141733
"ES43_Male_6+",11,0.58601168085147,0.0225264975483756,25.6118272171689,0.464189424824906,0.00725803360457231,18.3533034495482,0.306525014814188,0.000131107102498228,3.73548664132108
"ES24_Female_6+",16,0.520384998922263,0.0257001343887866,30.8065403302149,0.596416165132379,0.00618340893552536,13.1845277504528,0.244896123016522,1.81914900946059e-06,0.550747110552434
"ES64_Male_1",17,0.380789228713882,0.0227712017448185,39.6285626387022,0.284196501236806,0.00551933236097119,26.1411414163151,0.201250901225667,0.000314700329405454,8.81476553389236
"ES63_Female_1",21,0.200189736229451,0.0106166089021428,51.4696366249439,0.287400289627107,0.00423124188498139,22.6332398146001,0.471681252878858,0.000249823961049308,3.35095371792621
"ES64_Female_1",22,0.146109705206016,0.00632203812306432,54.4188663919186,0.220661245714725,0.00330036980035063,26.0348594009092,0.130748932867676,7.8085606396334e-05,6.75845366481509
"ES12_Female_6+",23,0.310948710346952,0.0151692695143315,39.6089722610673,0.125725430634206,0.00547743778166466,58.8661448444052,0.425679823461558,2.97152628471349e-05,1.28058002216894
"ES63_Male_1",23,0.170263750010178,0.00653806053959912,47.4900114670368,0.164182476942453,0.00397046561480485,38.3790231231577,0.117352852399638,5.40326963387014e-05,6.26375366720919
"ES12_Male_6+",25,0.154650185326839,0.00969592651021292,63.6713726705872,0.15888604548239,0.00451842267298441,42.3065558501567,0.397797235942723,6.53913426949302e-05,2.03281738545508
"ES23_Female_6+",25,0.586617732353936,0.010391786316712,17.37760483524,0.44954929843507,0.00505699291703441,15.8186292886473,0.467637407711239,9.5292305604518e-05,2.08746726163667
"ES53_Female_6+",25,0.165738141520945,0.00660532464317334,49.0370819938941,0.201604644959471,0.00331756441394712,28.5699281338278,0.403231230337556,0.000172395954859273,3.25618727431138
"ES24_Male_6+",27,0.64601236168678,0.0104174698607976,15.7993892106318,0.574464858110835,0.00431981544068043,11.4411355137464,0.294856105928719,7.09971953658829e-05,2.85765944055212
"ES41_Female_6+",27,0.232591871372326,0.00561506114846138,32.2168230787089,0.213001760138399,0.00320845475479486,26.5928428678122,0.46943077089884,0.00018162742773715,2.87090725147894
"ES21_Male_6+",29,0.542215687001055,0.0109277782177592,19.2794152734814,0.566073769557618,0.00451214074028044,11.8663809770817,0.320802175815931,0.000374981844530482,6.0362582965356
"ES23_Male_6+",29,0.755071033781552,0.00623543572475887,10.4579266959228,0.539937496830932,0.00343588219539708,10.8561452083142,0.575102040816327,0.000131307378038239,1.99250608298803
"ES22_Female_6+",30,0.871125414640876,0.00284869010430016,6.12691590164417,0.879160335672778,0.00223141304788879,5.37306256923247,0.621486561484183,5.86673953797166e-05,1.23244248650504
"ES63_Female_5",31,0.250071412177003,0.00628118054311078,31.6925067682663,0.306452273272341,0.00318566171830299,18.4177672778269,0.25292817679558,6.37807808633916e-05,3.15753157767243
"ES63_Male_6+",32,0.728030916899587,0.00716732347288538,11.6286334181523,0.528792117429347,0.00351005586524868,11.2039726944126,0.651182235195997,5.16648391139128e-06,0.349055910745246
"ES13_Female_6+",34,0.248122237325268,0.00679448040266453,33.2209797606179,0.111522044263787,0.00334335023709749,51.8477859314764,0.232446960536441,0.000361582285648543,8.18049721475818
"ES41_Male_6+",34,0.242077943297836,0.00504026841494627,29.327268250249,0.275998805511647,0.00303544764076981,19.9620054815885,0.457285429141717,0.000191519228900905,3.02634774085488
"ES53_Male_6+",35,0.305980438640878,0.00883946054311294,30.7269333163706,0.238837550663321,0.00374602146705457,25.626100331998,0.418118724678527,0.000109223738742176,2.49953315685379
"ES23_Male_5",36,0.207490960709858,0.0056403967194483,36.1955886635522,0.256851738671271,0.00307865004630464,21.6021835855779,0.191655121746432,0.000100081804056593,5.2198393006786
"ES22_Male_6+",39,0.920745613682457,0.00104660744785942,3.51359946140655,0.912335329324174,0.000942177165366562,3.36443230509055,0.718104390427737,6.08380318608886e-05,1.08617548370233
"ES64_Male_2",39,0.0641319703622781,0.00195840676929507,69.0044132864944,0.0890432023659713,0.00148782133401405,43.3186207364327,0.0793873841119796,1.25715689312459e-05,4.46625225748569
"ES64_Male_5",39,0.579381295744811,0.00677290514259617,14.2044043247313,0.504922833052715,0.00369180772642984,12.0335710598568,0.433738419618529,0.000139401277642899,2.72210883027371
"ES13_Male_6+",40,0.132207871983104,0.00352423994330888,44.9030064304179,0.114786387127476,0.00230834368372751,41.8562049056797,0.169075986799811,9.79358238574295e-05,5.85313929458661
"ES21_Female_6+",41,0.516043271685681,0.00805831003705237,17.3954579452267,0.583817621942307,0.00392181573793015,10.7267063793044,0.305187044778692,5.70342103663962e-05,2.47458070763212
"ES64_Female_5",41,0.607124932789684,0.00650641834893447,13.2859594814042,0.498233050211882,0.00347991883707891,11.8400087801742,0.421686492709133,6.03719264063272e-12,0.000582676934743165
"ES42_Male_6+",43,0.596539961970207,0.00609539878355158,13.0876454067754,0.515407045828414,0.00315276259601246,10.8941984832611,0.529971439033321,5.01983927598034e-05,1.33688004454675
"ES23_Female_5",44,0.263315333367713,0.00552739747589955,28.2347663558746,0.23341608181631,0.00300229976450955,23.4744946380388,0.338896717506631,0.00023112683050587,4.48598502522516
"ES63_Male_5",44,0.28619398902087,0.00482075327431404,24.2603434318126,0.263584954013348,0.00277470856265799,19.9842599847827,0.197388828633406,2.13366751109302e-05,2.34013440850117
"ES63_Female_6+",44,0.730130079080986,0.00548624884960945,10.1446603468064,0.531941354153698,0.00307620780300249,10.4266328276041,0.69449088960343,3.86267084145408e-05,0.894905748062418
"ES12_Male_5",46,0.0954426975299983,0.00177431720571698,44.1339629948123,0.10685608452128,0.00138817137918285,34.8676185782619,0.117731830906063,8.65990992111709e-05,7.90428860981979
"ES63_Male_2",48,0.25526842434695,0.0052790943627807,28.4631272770843,0.276820056645334,0.00284546295922599,19.2698757818472,0.133808193668529,4.7294382544587e-05,5.1395142189854
"ES64_Female_2",49,0.107647687255509,0.0021429776121056,43.0035306537189,0.116027867593562,0.00159483577715813,34.4187959929249,0.141729003740224,3.37701825115287e-05,4.10022764597739
"ES64_Female_6+",49,0.764095810991448,0.00517447191165272,9.41423853573626,0.638248460438116,0.00306785912044072,8.67816554189112,0.721742561586861,0.000240695636910459,2.14957098970165
"ES13_Male_5",51,0.286614670988264,0.00493308990856703,24.505360649511,0.251765339175111,0.00279573026123067,21.0015666822987,0.336072569602921,6.33663493304109e-05,2.3686248266527
"ES42_Female_6+",52,0.582208572151734,0.00545160925400612,12.681883653354,0.506102339412584,0.00301552985630096,10.8503431068862,0.503226013206338,0.00016279763813311,2.53548454101405
"ES12_Female_5",54,0.136669240266045,0.00266373175880536,37.7636935001473,0.14167031058592,0.00189509727396112,30.7281848997931,0.128984000890902,9.8372944220214e-05,7.6895688681717
"ES64_Male_3",54,0.218740444464462,0.00348165808621801,26.9751562783692,0.25319439432771,0.0022288269334097,18.6459316253072,0.166247264770241,0.000112865126068527,6.39036076605494
"ES70_Male_6+",54,0.277105752864582,0.00385988819725699,22.4203207096433,0.344198758739902,0.00239860373421557,14.2288549742898,0.374317230155973,2.6394657473221e-05,1.3725184675811
"ES11_Female_6+",56,0.0790468325107926,0.00107996335548193,41.5738301879535,0.0936812612303791,0.000942631400745476,32.7731527673014,0.192926588845655,0.000114122911596609,5.53725260380482
"ES64_Male_6+",58,0.759475063587099,0.00434796471786217,8.68219401972866,0.627851215675439,0.00266966991178709,8.22947336448751,0.662239609624769,1.31838714067787e-05,0.548284951416685
"ES13_Female_5",59,0.266318028125348,0.00362714703133074,22.6142408770698,0.254405675993409,0.00236817014903675,19.1284444781122,0.331799153113271,1.14374916605217e-05,1.01927206562774
"ES70_Female_6+",59,0.237750644818648,0.00303252607228343,23.1622405810954,0.306997264178914,0.00206207644986243,14.7916927077334,0.340542252211117,8.40029610259354e-05,2.69138788687352
"ES64_Male_4",61,0.212702803244959,0.00292773667784507,25.4385757907137,0.186742018248612,0.00199620830582808,23.9254921993308,0.0993789378937894,0.000156818539279671,12.600980838575
"ES63_Female_2",62,0.21359306578418,0.00398811710730924,29.566287923792,0.251512581473745,0.00242485646689183,19.5786752857316,0.0957208463178612,9.44379774262833e-05,10.1523553132509
"ES64_Female_3",63,0.296879681067037,0.00383245070550564,20.852484831939,0.259498813101727,0.00237367054999983,18.7747794925042,0.211970074812968,0.000142316866081157,5.62799409067992
"ES62_Male_6+",69,0.501341460557856,0.00453709298899894,13.4355428463523,0.440585679973976,0.00269798325158448,11.7893333333652,0.3242013567885,3.47160852104988e-05,1.8174000881826
"ES11_Male_6+",71,0.15090076012879,0.0016181085926298,26.6570695214106,0.153786436046265,0.00132057678780727,23.6300041131406,0.22091243690049,5.32055460511711e-06,1.04413892403284
"ES64_Female_4",71,0.239208096281627,0.00269973711610302,21.7212524875575,0.181373237326929,0.0019105931040505,24.0996590352275,0.193485978904039,2.52571595343075e-05,2.59742343544729
"ES62_Female_6+",73,0.506766475054507,0.0041979237797794,12.7852551039866,0.455517323630597,0.00258418660590905,11.1598160851654,0.409514930704386,0.000181768030817394,3.29222122596101
"ES63_Male_3",73,0.178391745499981,0.00316550367900918,31.5389082964483,0.147138043946574,0.00212798347497746,31.3515594120839,0.130212927756654,9.2927982509827e-05,7.40319434559662
"ES63_Female_3",77,0.20921412790599,0.00294208844889283,25.9260798352428,0.183117497453859,0.00202105523823951,24.5504381460898,0.134344023323615,0.000435031323288766,15.5253683814624
"ES23_Male_1",79,0.166584844160064,0.00227524077236026,28.6337477005899,0.174649197189208,0.00168518887927431,23.5048616139654,0.197957060436962,0.000119527094102999,5.52283647554441
"ES52_Male_6+",83,0.471392219589306,0.00425295085059468,13.8344778309436,0.48810753769115,0.0025790241904411,10.4042838823229,0.463034184984299,7.75239642432374e-05,1.90153765935924
"ES53_Male_1",84,0.192817836793963,0.00284768161697348,27.6756933296889,0.187068704637457,0.00195676995758168,23.6466022874424,0.178110516335811,4.38599795892726e-05,3.71830191231536
"ES43_Female_5",86,0.198980192604847,0.00255787648123999,25.4173305818902,0.236373205817882,0.00191066889172143,18.4924507614808,0.212506901060584,3.99778142118419e-05,2.97533920308151
"ES13_Male_1",92,0.119473527374489,0.00122082338684545,29.2452093123201,0.125093320456093,0.00102614392884956,25.607667344522,0.194120715350224,6.15085115322683e-05,4.04013359070469
"ES22_Male_1",93,0.0728453798698047,0.000807740640748796,39.0152105438052,0.0686759484208673,0.000720548382053629,39.0865112146304,0.0925410039418916,0.000127475913525675,12.2005626612163
"ES43_Male_5",94,0.278570083088713,0.00270308640019758,18.6636030933081,0.295485208469516,0.00196934139107783,15.018437750298,0.252402232088554,7.81084001949121e-05,3.50151249259388
"ES53_Male_5",96,0.150349223595857,0.00161435437774721,26.7238021708728,0.162008940636217,0.00129266740292094,22.1924074031881,0.285284227881937,0.000156649008735365,4.38718616378378
"ES63_Male_4",96,0.221635128106121,0.00184369510727836,19.3734049561016,0.224920910484313,0.00142126052103064,16.7612735290073,0.256565470148565,0.000142670407906487,4.65552587749595
"ES63_Female_4",96,0.223869320836691,0.00179365614760959,18.9179909539087,0.237767546286683,0.00140449971668651,15.7618885370649,0.235463189113747,0.000205787312532475,6.09237007106416
"ES24_Female_5",99,0.12935459195325,0.00152172919018583,30.1569096874653,0.151412080294823,0.00123348200865251,23.1956145481837,0.210238685831622,0.000249387579733945,7.5114672326703
"ES52_Female_6+",101,0.506796404220366,0.00354019154180958,11.7403178588463,0.531959235527139,0.00231585255311023,9.046427339322,0.470421104979466,0.000164759816085037,2.72859357112431
"ES42_Male_5",104,0.36690995034369,0.00289218320805606,14.6572808823725,0.335540926507483,0.00202223899241862,13.4020347806464,0.289322292246812,0.000185861631758183,4.71208347668501
"ES62_Male_1",105,0.281717139057152,0.00395121353352875,22.3126925373598,0.264393433581661,0.00247711261182804,18.8244462806337,0.343403154113134,0.000200180235342108,4.12008634775352
"ES22_Female_5",106,0.219776312819472,0.002191008628237,21.298114669101,0.203309945611274,0.00163648167123519,19.8974283082503,0.199662811355643,0.000165819292553121,6.44941535217573
"ES42_Female_5",106,0.340627237142049,0.00287776127090412,15.7488196564158,0.335438867768594,0.00203868836002183,13.4605262143816,0.31017504552616,2.39903822798749e-05,1.57910762113263
"ES70_Female_5",107,0.436043675255396,0.00324915959474662,13.0724060848583,0.410683542380204,0.00214672823957966,11.2818737456207,0.335504337559674,0.000158460359020795,3.7519943738201
"ES61_Male_6+",108,0.627627650001183,0.00279284216901258,8.42017520983087,0.562466705231232,0.00196162729809737,7.8742904203861,0.402453341319021,0.000139298629599463,2.93263412969047
"ES22_Male_5",109,0.129741773820719,0.00143702327432162,29.2181066363768,0.142590395992254,0.00117793257091706,24.0696591446519,0.130789262674491,0.000131588030966485,8.77073728911858
"ES24_Male_5",111,0.181774694910848,0.00185459333349791,23.6914107711544,0.1970545313495,0.00144587239193303,19.2965005647408,0.201903618537501,0.000144058488180651,5.94463677622969
"ES23_Female_1",112,0.186726753280476,0.00190278859980672,23.360854496937,0.201065584505146,0.0014622606159238,19.0184294903842,0.253671969527224,5.86310655214792e-05,3.01850161536419
"ES70_Male_5",113,0.420156869407786,0.00326134544511897,13.5921116275677,0.394041827068258,0.00214411997401725,11.7511999829104,0.297280233481722,8.74045672699723e-05,3.14485792472707
"ES53_Female_5",114,0.124961230778017,0.00120892696322455,27.8243314387754,0.132805702442058,0.00101827493013441,24.0278992646322,0.243400784528756,8.82064970880804e-05,3.85858715304565
"ES70_Male_1",114,0.248234630515494,0.00239608689038176,19.7191827963616,0.267804159739654,0.00174334007231877,15.5909916140388,0.26238554429264,0.000108865777927539,3.97654393861242
"ES61_Female_6+",115,0.649573562463922,0.00250057462867839,7.69824217705922,0.576499114487123,0.00182514907286251,7.41055144461943,0.429855817755836,1.63183006570367e-06,0.297176631954457
"ES11_Male_5",123,0.103101794192277,0.000879282882814574,28.7606095602378,0.121411555449745,0.000781349086923966,23.0230327581131,0.253323862173159,5.3816587253225e-05,2.89588943330216
"ES53_Female_1",123,0.275874745825574,0.00606373847409931,28.2265815503313,0.217338900419703,0.00311312763687678,25.6720764832966,0.271838451612903,0.000123078948857607,4.08113537985731
"ES41_Female_5",124,0.344680603389083,0.00200844029566774,13.0020735527987,0.328758437981401,0.00152334638203877,11.8719599923003,0.368695852626937,0.00029088710527848,4.62587595271964
"ES30_Female_6+",126,0.316217201500317,0.00217369120302299,14.7439358631556,0.322564431127911,0.00165988874172436,12.630571835245,0.248442643331366,6.88075667196731e-05,3.33881194552337
"ES24_Male_1",127,0.14610416975052,0.00125739725972094,24.2702161453545,0.142203429044184,0.00105571787537405,22.8488248520865,0.17106774678084,2.57789508758729e-05,2.96800401671333
"ES21_Female_5",129,0.0440784437777865,0.000380562556216306,44.2574894751213,0.0533215924740843,0.000359777364836672,35.5724524003623,0.0969378361082732,6.05027413514054e-05,8.02406070124211
"ES12_Male_1",130,0.144612879436271,0.00118255072879084,23.7795108287659,0.145596867942732,0.00100435606860297,21.7666613972954,0.192293859022586,0.000106555468977004,5.36812298823186
"ES13_Female_1",131,0.355769554180713,0.00258317505394792,14.2859175543548,0.314663510792422,0.00184979777670652,13.6683390344882,0.25979358625833,0.000202891892834513,5.48281916075248
"ES41_Male_5",131,0.289401983719587,0.00172327983939697,14.3442022462164,0.298685293561138,0.00136440488477686,12.3668129800141,0.30713045623156,0.000342256869491554,6.02355946329665
"ES30_Male_6+",134,0.289606516887671,0.00184557427782737,14.8339712846538,0.297785430441842,0.00146022038785887,12.8323370591042,0.218450454665741,1.96061559960336e-05,2.02695111132256
"ES22_Female_1",136,0.136777132886024,0.00101234695691464,23.2622219453517,0.127717316668507,0.0008723715177339,23.1260230092657,0.210401044256589,5.63770688315211e-05,3.56864506220297
"ES11_Female_5",137,0.118971801347448,0.00101166781369233,26.7346762500506,0.136611767929142,0.00088206822646642,21.740172087765,0.237043313016674,5.8838316560062e-05,3.23595453270011
"ES42_Male_1",142,0.248641840154519,0.00163560216136812,16.2653954558045,0.257764739826953,0.00131207836284047,14.0525900775735,0.243479150592103,9.99484346440856e-05,4.10606878471243
"ES21_Male_5",151,0.0942454504229063,0.00087088205798319,31.3126106037848,0.104967407761742,0.000768603343490722,26.4117186625986,0.103005850292515,9.24687283436625e-05,9.33545631641427
"ES42_Female_1",154,0.384349403313639,0.00235518341674185,12.6265922540552,0.345049227677489,0.00170480794224503,11.966211381399,0.380776771353594,0.000349435809833175,4.90922861955932
"ES62_Male_5",159,0.34781992676503,0.00185099275044193,12.3693790856171,0.360836704199957,0.0014285392667118,10.4745502320551,0.360990620812863,6.36651528064853e-05,2.21031908998131
"ES62_Female_1",161,0.417320404235627,0.00205844038583245,10.8717517655756,0.423765386406525,0.00156553675739247,9.33697410309593,0.337502839642852,6.94727142111542e-05,2.46961754620151
"ES62_Female_5",161,0.410983928682034,0.00213732740443085,11.2489163634554,0.38423577179938,0.00159177894913234,10.3834956161994,0.389021101730575,6.2323827139939e-05,2.0293357101824
"ES21_Male_1",164,0.0942363847769923,0.000911643844076176,32.040109015381,0.0975031349688992,0.000799165551610412,28.9934434467444,0.0976897992625973,0.000339617284248116,18.8645163504545
"ES24_Female_1",168,0.198115123747535,0.00121918301985289,17.6245007131754,0.185381935777318,0.0010181017498613,17.2118748320035,0.23388827102404,7.55956660904822e-06,1.17554702184222
"ES52_Male_5",168,0.397668901086792,0.0024349894651071,12.4087179774847,0.36462092974294,0.0017865516580886,11.5922087984689,0.375633472314132,1.52795218183497e-05,1.04061623364515
"ES70_Female_1",171,0.385241034651419,0.00400037287391454,16.4179034092325,0.329513589550453,0.00242420384936023,14.9420862209555,0.338082184801162,5.95449231623888e-05,2.28244375002897
"ES52_Female_5",172,0.418624131004619,0.00248750516266983,11.9140038570361,0.392446703517629,0.00180417305703585,10.8232679668351,0.399506032324152,9.56607272362325e-05,2.44818085714428
"ES43_Male_1",176,0.269366734058468,0.00136583287631052,13.7200223993231,0.297362930050201,0.00113988638913206,11.3538710265251,0.303341185410334,4.45392958989662e-05,2.20008922469544
"ES11_Male_1",181,0.26092120894407,0.0017991879559235,16.2565687672701,0.259650632739899,0.00141013562330613,14.4624229010483,0.256709259126256,4.73223303543507e-05,2.67973302287999
"ES43_Female_1",181,0.423331192110759,0.00177452155342302,9.9508543551779,0.419235473736042,0.00139740872437832,8.91669068928575,0.39326699532226,1.10285524588862e-05,0.844445754505743
"ES12_Female_1",190,0.244002833116732,0.00123827630783207,14.4216155109109,0.249606657668248,0.00103796408996931,12.9072879649158,0.259734372353041,0.000261236873388208,6.22282821472979
"ES23_Male_3",216,0.103998824451774,0.000463556412915903,20.7025034881656,0.102267924553857,0.000431326517928605,20.3078355226275,0.143472561712643,0.000101760783663104,7.03106914149442
"ES12_Male_4",223,0.258435148374585,0.00191327669873927,16.9253364982883,0.231887687282496,0.0014634036718105,16.496977459464,0.212342914473072,0.000145946173229917,5.68929668816426
"ES51_Female_6+",225,0.235431001878483,0.00093297071774395,12.9738943138825,0.253737122523527,0.000811422506305442,11.2263742033903,0.355200056787261,0.00010722332150911,2.91522179148111
"ES23_Female_3",228,0.164492952232414,0.000877948176040776,18.0130454697741,0.1465602856075,0.000770019208864598,18.9336557673569,0.171607708951844,0.000147666965551283,7.08116773688459
"ES51_Male_6+",230,0.287217697474887,0.00113613383632754,11.7355527747076,0.293620788695812,0.000961693728993362,10.5616456166019,0.374087468380305,3.35105809478697e-05,1.54745425153439
"ES23_Male_2",232,0.133225102062153,0.000598216429157684,18.3587499394452,0.131441162314992,0.000545330983363865,17.7663697257441,0.14574515014616,0.000217610608771689,10.1215242502978
"ES22_Male_2",239,0.0688212073935478,0.000303592081112532,25.3176232020454,0.0681980357111013,0.000289698673080434,24.9575176558388,0.0810880896913221,9.77588180004064e-05,12.193289963634
"ES12_Female_4",245,0.2217814205359,0.00161246046542252,18.1058691243923,0.199224647349882,0.00128149243715297,17.9686296265281,0.187550710347326,0.000176914223925135,7.09190096804736
"ES23_Female_4",245,0.132463133318737,0.000575967662903789,18.1177401589105,0.120203277454048,0.00052806845714853,19.1173989861886,0.174134125161073,5.26781046651083e-05,4.16803331906703
"ES22_Male_3",247,0.0681639621596462,0.000383333205678585,28.7232378035585,0.0724559179798628,0.000360916555557513,26.2198099153049,0.0975755097734047,2.57282888564899e-05,5.19833929709244
"ES22_Female_3",251,0.0823645633665325,0.000390216187286468,23.9834822486644,0.0842135063293795,0.000367111244559226,22.7518697833337,0.101669261710134,3.72863927715632e-05,6.00600259048354
"ES41_Male_1",251,0.188147710445823,0.00083383046182589,15.3475812303806,0.189188381369506,0.00074003350772046,14.3790843273395,0.203204644262549,0.000117399424257536,5.33211311553768
"ES13_Male_3",254,0.0966403162659396,0.000442084396251682,21.7567614825742,0.0977950758986203,0.000412972853770061,20.7799148841278,0.13599793708097,3.89337582075516e-06,1.45087782478605
"ES70_Female_4",254,0.154446908819911,0.000793076519314656,18.2338478013758,0.162932971471928,0.000703740130749677,16.2816037390987,0.189817562176271,4.47703840357668e-05,3.52499916463033
"ES11_Female_1",257,0.363807160523842,0.00119461090323404,9.50040226308628,0.330017145446954,0.00100208516548232,9.59214672049099,0.318691890626413,0.000171301316908952,4.10685470346149
"ES21_Female_1",258,0.114340355698562,0.000440461571235654,18.3550035540076,0.11751734814292,0.000411319609997116,17.2578911289376,0.145871799752546,4.61832208047179e-06,1.47323072369926
"ES52_Male_1",260,0.284693974728988,0.00113702492681922,11.8442268584176,0.272612958613523,0.000968920421494868,11.4181977077186,0.265228600294555,0.000125535025311617,4.2243714991021
"ES70_Male_4",262,0.139183685493584,0.0005561741941679,16.9440445633588,0.148063919079094,0.00051108139064524,15.2684796099727,0.196477539662463,8.40777169193102e-05,4.6668897783385
"ES41_Female_1",264,0.288908447084646,0.000886656094423612,10.3066460516584,0.272785726280236,0.00077601953987474,10.2120912455129,0.293115204168483,7.42235391451325e-05,2.93922263189892
"ES53_Female_3",268,0.0609425523351089,0.000275478272838828,27.2347276574543,0.0622254072214549,0.000264127658181029,26.1179564251105,0.116548671289315,4.2484242587834e-05,5.59250799062059
"ES53_Male_3",269,0.0457566585591563,0.000184645566719643,29.6971751513274,0.046532672809819,0.000179433717858174,28.7868423242376,0.116556936466493,0.000110277534463919,9.00959771374323
"ES23_Female_2",270,0.208246519642857,0.000772810203659753,13.34930549481,0.197138328996291,0.000686962672631952,13.2952191002003,0.184223366960006,0.000120288754045174,5.95343748772415
"ES13_Female_3",271,0.15957044909486,0.000693160763227599,16.4992619745496,0.153301546935548,0.000623614786142467,16.2896466829355,0.176426039744594,2.36980975927554e-05,2.75926909221328
"ES53_Male_2",278,0.0931566632305914,0.000503442795894204,24.0858036224855,0.10280006406604,0.00046561531391005,20.9903771771588,0.105009146341463,4.05378927160496e-05,6.06322181391171
"ES13_Male_2",279,0.129095377884255,0.000636035901922952,19.5357514971039,0.133873431931466,0.000576797977421196,17.9397946472874,0.129232203242868,0.000105621991712223,7.95255035674847
"ES13_Male_4",279,0.16812252880891,0.000684046205888331,15.5566759522169,0.162090471018487,0.000616209152053141,15.3146327890811,0.187066689923833,5.36296797351717e-05,3.91476899548415
"ES23_Male_4",279,0.120071077021211,0.00050488952616864,18.7137048044842,0.111200545132866,0.000467393702512865,19.4417122954543,0.160922083909636,0.00011344806749482,6.61885555136912
"ES22_Female_2",283,0.104055333796057,0.000407786495948519,19.4067170183874,0.0985801409623906,0.000383162888652475,19.8564809990774,0.0952552715011826,2.32048775393409e-10,0.0159919204661787
"ES53_Male_4",283,0.0578128510335135,0.000329008642823444,31.3746772015759,0.0668993218027851,0.00031296236498064,26.4438291386534,0.106984610649431,7.23354844798707e-05,7.94976675679517
"ES43_Male_2",290,0.287699067119426,0.00222040063427883,16.3786166330225,0.28621907954702,0.00164587975799066,14.1742624961349,0.216832919156575,0.000136773969971046,5.3935723625657
"ES53_Female_4",293,0.0701808150556925,0.000615764708676177,35.3581056885224,0.0805060542573391,0.000562137342527441,29.4505002716244,0.114652952690994,4.64436110336575e-05,5.94398556223744
"ES22_Male_4",296,0.0642815918269755,0.000189644796442856,21.423175353808,0.0671125196409149,0.000184036840203864,20.2138407540074,0.110208752146766,8.74092222135328e-05,8.48325541199303
"ES13_Female_4",297,0.163272154667036,0.000610171046913308,15.1291202236332,0.162621534507872,0.000555502997813505,14.4932288127968,0.17579446794301,7.62225036570035e-05,4.96633945451162
"ES13_Female_2",299,0.181011395585605,0.000759341896705365,15.2234387632006,0.176157341435086,0.000675964021249375,14.7591396872459,0.164021101202121,2.18766279091192e-05,2.85161221742514
"ES22_Female_4",300,0.0806310707750166,0.000275360715447368,20.5801513090224,0.0852835466632759,0.00026366755842638,19.0398312918775,0.129921397735603,7.10990417173018e-05,6.49009702534707
"ES70_Male_2",303,0.263986554734497,0.00180139252720545,16.0776426025157,0.270107201742808,0.00139945645429282,13.8498009257764,0.20990656225874,8.4946239784697e-05,4.39082434581241
"ES12_Male_3",307,0.0675599608139397,0.000218504366465281,21.8796651421354,0.070165710897274,0.000211138851659993,20.7090009432219,0.1270933497555,6.49216245409775e-05,6.33974606702482
"ES30_Male_1",308,0.124084833950068,0.000588522782958282,19.5507281121142,0.123880677358963,0.00053982517667801,18.755256000457,0.115984351537185,2.25670379389446e-06,1.29520311667406
"ES24_Male_3",313,0.118406690505284,0.00102513716175231,27.0405017533723,0.118110811164021,0.000881383983000169,25.1358123105411,0.120869961340523,1.29068026960789e-06,0.939920133245736
"ES43_Female_2",320,0.255374410255641,0.00188526216875055,17.0023322881747,0.260287932030134,0.00145775853444309,14.6686032916371,0.221765897035195,1.22042060802163e-07,0.157528814518564
"ES12_Female_3",323,0.117476197167616,0.000384468846420853,16.6909362280029,0.115536174408638,0.000362185057082037,16.4720359304175,0.1839736407573,5.04002559450827e-05,3.85887550877561
"ES62_Female_3",327,0.165646460678259,0.00052703929960975,13.8592375686651,0.171946182278775,0.000485949871033497,12.8204478956911,0.211754818738059,7.35492611939844e-05,4.05000775935392
"ES70_Male_3",328,0.156790371908238,0.000569713973484117,15.2233083985137,0.166531631223643,0.000522001108131979,13.7195218713168,0.202054636502523,4.02630718224591e-05,3.14039756788566
"ES53_Female_2",330,0.0934159511236063,0.000445929515631405,22.6053934003971,0.101967436782883,0.000416138067463182,20.0058597865673,0.106474739093698,7.3029020966985e-05,8.02603694823248
"ES52_Female_1",331,0.371171999755833,0.000984778047078117,8.4546176625152,0.355519680979996,0.000849112893939844,8.19632310620318,0.331006117871396,3.58295758992755e-05,1.80835967084517
"ES24_Female_3",332,0.133406956874272,0.000871738221914556,22.131689394052,0.133224906982683,0.000764596377175773,20.7553801525902,0.129492616702305,5.32382663470574e-06,1.78183278464414
"ES30_Female_5",332,0.222852136401685,0.000784159884347038,12.5656659093473,0.220306133740061,0.000697004862246065,11.9837106674611,0.154126218129182,0.000104341407650322,6.62753185242391
"ES70_Female_2",337,0.267867292775497,0.00168456969453967,15.3223297060193,0.263963098475048,0.00132530643502162,13.7916089870579,0.209720911071083,0.000309889927477217,8.39386527773105
"ES12_Male_2",338,0.127651113084344,0.000452024531508827,16.6554509682582,0.128852375270823,0.000421554036511687,15.9343443147952,0.121838342355796,0.000108009348140401,8.529954033638
"ES30_Male_5",338,0.271269494796954,0.000916046801175831,11.1572681958985,0.265508933861286,0.000799376061670373,10.6486960379278,0.183747621483835,8.90584580117955e-05,5.13589172784058
"ES43_Female_4",341,0.300108710794081,0.000755036268714923,9.15598991588009,0.294852345194725,0.000675500261619513,8.81471295491148,0.319056723170992,9.28524081872587e-05,3.02015119685827
"ES70_Female_3",341,0.179625702443404,0.00066969218655515,14.4068533848807,0.18274106850212,0.000604907010787749,13.4588560781175,0.214266767367336,5.55076473303764e-06,1.09956673486202
"ES62_Male_3",342,0.131079102785031,0.000374889122513127,14.7712741875735,0.13785303665812,0.000353707858411724,13.6428786776398,0.196303736082841,0.000119429232690222,5.56707094416582
"ES43_Female_3",344,0.222186271987636,0.000644846079583223,11.4290678200681,0.230980030482306,0.00058433905648509,10.4654527958091,0.277736976942784,1.56575901502755e-05,1.42471749192233
"ES62_Male_2",346,0.209288340954625,0.000844746352679789,13.8873099098261,0.216669356275676,0.000743071622332088,12.581077713084,0.190671733091527,7.71289611640436e-05,4.60598402034804
"ES43_Male_3",355,0.210089005391678,0.000621740373439572,11.8686469092463,0.218052369757351,0.000564861444906408,10.8995898404837,0.256415230674982,6.02011863253161e-05,3.02592881295195
"ES61_Male_5",357,0.408994765812795,0.00119810757787604,8.46311334683037,0.405770288326458,0.00100920641183,7.82906244391165,0.407342116374652,0.000159047166187034,3.09601924972839
"ES42_Male_2",360,0.249044513539165,0.000712460905772033,10.7177479795597,0.249878223896438,0.000638433183158321,10.111819659322,0.214117633505827,6.07944319932137e-05,3.64149290233892
"ES61_Male_1",366,0.260581302180224,0.00068813038122852,10.066815665153,0.267180323577814,0.000623299444503046,9.34423814938982,0.262239694079288,5.3044842612657e-05,2.77730229474346
"ES43_Male_4",375,0.265110936662326,0.000640631122184003,9.54720773641334,0.262918832230625,0.000582443691895613,9.17920942266253,0.282200943396226,8.43630862218663e-05,3.25475099341042
"ES61_Female_5",378,0.427499211204871,0.00091520671186231,7.07659401007407,0.425626707806879,0.00080086244321319,6.64890445259076,0.401729319693881,6.47255187708907e-05,2.00264624510664
"ES24_Female_4",382,0.13953602364009,0.000470144769111037,15.5392288074012,0.13736085824964,0.000436956239049144,15.2179438272629,0.113549021506287,6.17419322503681e-05,6.92000984520267
"ES12_Female_2",384,0.131959736563011,0.000405848657731523,15.266539899927,0.132551832998276,0.00038097991996587,14.7253391235741,0.133181759295246,0.000210965123847235,10.9058767408511
"ES62_Female_2",384,0.223128184558222,0.000743202518098281,12.2179728105514,0.22407842324277,0.000663672961931996,11.4968012224768,0.22370445305247,9.49603282706684e-06,1.37751543690967
"ES24_Male_4",386,0.140804753748228,0.000439945392280253,14.8964255142069,0.139680500098031,0.000410984856263888,14.5136661325936,0.132759457163981,7.65416571433568e-07,0.658997037607965
"ES42_Female_2",398,0.279614527623777,0.00070412406411027,9.489970484151,0.274077334507518,0.000631834094150582,9.17124734825911,0.2376801569926,0.000180742283113718,5.65635887854753
"ES42_Female_3",408,0.177724346531053,0.000484194787261485,12.3812111100081,0.183796599474172,0.000448960436052635,11.5283343497168,0.231357734194057,0.000171946057050715,5.6677683058019
"ES42_Male_3",411,0.17228816562629,0.000462275638334022,12.4794388250065,0.177315945614436,0.000430257731105581,11.6981328437886,0.19788907142486,5.66623873346238e-07,0.380386962731835
"ES21_Female_3",412,0.06461028749736,0.000160338146385999,19.5982257407233,0.0639906306065306,0.000156375424503181,19.5419483371232,0.0962577184000713,6.13247617218712e-05,8.13546481882489
"ES21_Male_3",413,0.0304204548425158,6.58532916274039e-05,26.6761432306327,0.0309995181488403,6.51690779696284e-05,26.0414909355722,0.0686607720172944,0.000152300007719917,17.973856927864
"ES21_Female_4",414,0.096156929620491,0.000298287340302817,17.9612609855102,0.0932726248630589,0.000284858258799917,18.0950675579106,0.0824592871408819,2.99522411562884e-06,2.09881947731393
"ES21_Male_2",424,0.0880150848521896,0.000246898507422353,17.8526265481598,0.0883351743805447,0.000237582960571543,17.4491378738617,0.0696482286478591,0.000140857842040951,17.0404256906453
"ES24_Male_2",433,0.0846263630333611,0.00021618323122344,17.3742203505584,0.0847971436729168,0.000208928911745807,17.045825862685,0.101577744824119,8.44100402841756e-05,9.04478998312146
"ES30_Female_1",436,0.193612780904082,0.000446160056953939,10.9096626274376,0.188495744570589,0.000416649248904775,10.8288852456292,0.18537842816415,0.000121056569594231,5.93519491652115
"ES21_Male_4",454,0.0965355549514571,0.000281014402987664,17.3650881504432,0.0938698264210993,0.000269016975773646,17.4728532049346,0.0768392206168731,0.000170206683530897,16.9787359237452
"ES24_Female_2",459,0.109077088546387,0.000312866471151048,16.2160835952965,0.107338474768358,0.000297932886904328,16.0806575189369,0.109047995201074,5.85935839224447e-05,7.01951886775621
"ES61_Female_1",463,0.363328134390756,0.000625245796564373,6.88218529786694,0.356001976304208,0.000568091536551246,6.69509510589899,0.358581973485038,1.03597341443473e-05,0.897606217533238
"ES21_Female_2",468,0.0699249865980139,0.000164061483367188,18.3176992878686,0.0695437983282004,0.000159869368674474,18.1812702695361,0.0731957914242103,0.000178630841384351,18.259635799536
"ES42_Male_4",468,0.254476030505163,0.000659915554008145,10.0947902739101,0.253215173205368,0.000597242787373194,9.65129812096439,0.237812297621949,5.37328487880206e-05,3.08237606983905
"ES42_Female_4",472,0.234140290996158,0.00057695087753798,10.2587221009876,0.232290399176717,0.000528078829596733,9.89277469602989,0.212592523691755,9.73978722918194e-05,4.64223099910841
"ES11_Male_4",477,0.0782739183438718,0.000153880677675763,15.8480185269639,0.0778841648370899,0.000150181126503886,15.734701613906,0.145944876243034,2.95976815251177e-05,3.72769176095148
"ES62_Female_4",478,0.207117506764309,0.000448886108286455,10.2294261937717,0.208634854627859,0.000418850263680851,9.80940200581296,0.259408268448179,4.7773570117098e-05,2.66446508636676
"ES62_Male_4",482,0.177006171605148,0.000378321866263441,10.9885986825401,0.177727444139154,0.000356773518567237,10.6277617585001,0.254708696639643,0.000234904424683118,6.01730222753408
"ES41_Male_3",483,0.170367506744535,0.000392247018906491,11.625002583332,0.169639935990563,0.000368842768832056,11.3212019329471,0.162277748768826,0.000151573929840004,7.58670646263444
"ES41_Female_3",486,0.153065921384204,0.000352051634897319,12.2581426968151,0.152919405896685,0.000333098934497623,11.9350438690871,0.168285908443344,1.44040361363421e-05,2.2552482247069
"ES51_Male_5",500,0.21325385781295,0.000537859645850982,10.8752083087549,0.222431563333858,0.000495617664163653,10.0086839160444,0.179023780257186,0.00012388478937165,6.21724912610989
"ES51_Female_5",500,0.257913356259263,0.000604031027282422,9.52918570963245,0.258337159267653,0.000550831390570661,9.0849483205411,0.198228410675871,2.97453970376547e-05,2.75133825143098
"ES11_Male_2",501,0.15261334441283,0.000386572112482372,12.8831703861436,0.152657329637257,0.000364120302369728,12.499849559779,0.159331574289118,0.000117919481893528,6.81539347172734
"ES11_Female_4",515,0.076486493903817,0.000131104701797466,14.970088918386,0.076256216349151,0.000128413382636553,14.8603791521874,0.160745537443563,7.58034682288651e-05,5.4163361912723
"ES11_Male_3",519,0.093586878589666,0.000167429232204418,13.8261314120527,0.095510223603542,0.000163123354822037,13.3723646400905,0.172477938022651,7.12602473836168e-05,4.89429464755855
"ES41_Male_2",533,0.131888965570117,0.000272546538304107,12.5173349356889,0.132792232438685,0.000261089387756175,12.1680766784605,0.141592033925973,3.14007749547563e-05,3.95759512943725
"ES41_Male_4",539,0.164626697017321,0.000324776155483041,10.9469164507267,0.163387639263474,0.000308691114078928,10.7533273389704,0.207507563640568,5.94763779246206e-05,3.71653583669009
"ES41_Female_4",545,0.163104721743311,0.000328792027135315,11.1171663760113,0.163012213197945,0.000312226286057551,10.8396332321684,0.194962156399312,6.15579818414499e-05,4.02431406784481
"ES11_Female_3",573,0.128666956338796,0.000231974837190253,11.8373206400622,0.128741050519264,0.000223744097871713,11.6187322952765,0.180947454373793,5.46441414895453e-05,4.08525646453083
"ES11_Female_2",593,0.163485915666471,0.000317909064728553,10.9061410866704,0.163735139320721,0.000302582458355715,10.6238022898599,0.177903909396268,2.33211061452212e-05,2.7144952192032
"ES41_Female_2",601,0.149313286311876,0.000255425133819941,10.703686008205,0.149146143523863,0.000245340300723083,10.5020097792383,0.149569403336731,1.96170770949248e-05,2.96124532610719
"ES51_Male_1",609,0.141908216643525,0.000264648603979978,11.4637646484398,0.144660979054741,0.00025435749363138,11.0248037749075,0.186186657503833,9.63222931079928e-05,5.2712650160453
"ES52_Male_2",670,0.186206610489727,0.000300636866782379,9.31163670486228,0.186087623537623,0.000286612092490267,9.09766131942314,0.174134318488059,0.000117205937992847,6.21713699069804
"ES52_Female_2",726,0.206368456673137,0.000292193389965481,8.28308040649409,0.205370432164281,0.000278940939353651,8.13239027873002,0.193106584303141,2.68523423418917e-05,2.68345307729747
"ES52_Male_3",742,0.181491675959787,0.000320756052886667,9.86803586361448,0.180356565217733,0.00030492846383975,9.68204344603508,0.181200952243678,0.00011355357439694,5.88084765492549
"ES52_Female_4",776,0.192229709184462,0.000277946462233264,8.67281467730691,0.192802935040289,0.000266013022517281,8.45936585606851,0.211693230717126,0.000115984185742367,5.08735938049734
"ES52_Female_3",779,0.180604277313078,0.000294307817226349,9.49889019188508,0.180095618823306,0.000280893781194035,9.30610427001216,0.195173756521604,4.22461309678391e-05,3.33021328849001
"ES52_Male_4",784,0.199197991072245,0.000296607689620262,8.64582117881654,0.19916415301059,0.000283010791068643,8.4467632930575,0.210436535059351,6.51596478783046e-05,3.83590834885453
"ES51_Female_1",828,0.183560043189609,0.000246608830378581,8.55512108086813,0.186170465203291,0.000237275646501513,8.27400537571856,0.225378430402759,4.50503450816901e-05,2.97808240671891
"ES30_Male_3",845,0.103241308066602,0.000181639186061011,13.0542304499586,0.104357115582261,0.00017649445003439,12.7304413351297,0.0955734112586034,3.43187073300619e-05,6.12954691122252
"ES30_Male_2",902,0.0719970054985432,9.38805230788786e-05,13.4577766628897,0.0731179328487916,9.24917637966426e-05,13.1530849776193,0.0748670964441465,3.27552983837212e-05,7.6445124042081
"ES30_Female_3",964,0.117392567495729,0.000180964336402054,11.4592421322482,0.117882063810648,0.000175903470229786,11.2509572119003,0.116639079576354,7.30325101646399e-05,7.32679482560073
"ES61_Male_2",978,0.20416906632872,0.000215054167138228,7.18263815869306,0.207490123739513,0.000207862269972467,6.94848946143902,0.202829328135976,7.02062994435813e-05,4.13101991804407
"ES30_Female_2",1030,0.0920438017275221,0.000106196576829851,11.1959438228468,0.0927155268556211,0.000104434033472917,11.0222068072619,0.0887525967801159,0.000103413807244943,11.4579835616154
"ES61_Female_2",1068,0.22025627865262,0.000234681807911937,6.95522870604831,0.222143463137916,0.000226146988675826,6.76958220689451,0.219835086900039,5.24455324095061e-05,3.29425519784297
"ES61_Male_3",1072,0.224328720806948,0.00021250475729722,6.49829538442988,0.226403800733331,0.000205478654955081,6.33139842490834,0.238489141965769,3.23061082547614e-05,2.38327255007386
"ES30_Female_4",1088,0.115129616511575,0.000199234949153765,12.2601477385096,0.117582950020144,0.000193121554042679,11.8187357301199,0.113735004189874,0.000147578097691527,10.6811202880022
"ES61_Female_3",1091,0.232265356068415,0.000212989183346536,6.28339464361673,0.234819902269055,0.000205979355403672,6.11190991441259,0.234308872442959,6.62743431965006e-05,3.47443332661784
"ES30_Male_4",1096,0.114674265087132,0.000254413279722397,13.9092567165206,0.117427400378723,0.000244499732635644,13.3158761680067,0.106021506891127,5.81286996221515e-05,7.19119940045369
"ES61_Male_4",1181,0.268334844067846,0.000219563943685805,5.5220894920422,0.269559710262871,0.00021210539453149,5.40282469428284,0.278471784868827,2.42706574741317e-05,1.76912928735045
"ES61_Female_4",1203,0.297307186858848,0.000225121592177766,5.0466497913095,0.29666003257113,0.000217252552810491,4.96847837679647,0.299576385016194,4.40907114881458e-05,2.21649102799278
"ES51_Male_3",1690,0.0908965047256022,8.13482433493458e-05,9.92263248192667,0.0919148541844959,8.02884475069067e-05,9.74856804886773,0.105539546855159,5.46151482534243e-05,7.002309995739
"ES51_Female_3",1724,0.0944303978091766,7.49139130574272e-05,9.1657798544158,0.0949543112526396,7.40171159422007e-05,9.06048386846362,0.115581773063297,4.82103364989298e-05,6.007319478185
"ES51_Male_2",1826,0.0847817906856344,7.5381509877441e-05,10.2407044137929,0.0857022924753527,7.44735533983866e-05,10.0695160596959,0.100256930934534,6.68951939618945e-05,8.15798782420465
"ES51_Female_4",1903,0.104182253989952,9.48017672313075e-05,9.34575662843621,0.105165672032241,9.33663988997823e-05,9.18800669284483,0.134006641434361,5.28081536403908e-05,5.42280726112291
"ES51_Female_2",1994,0.0844182370189246,5.24035566977277e-05,8.57519695903303,0.0850383673851909,5.19626725140496e-05,8.4767783207333,0.111233131329774,1.86444859392672e-05,3.88187050379727
"ES51_Male_4",2009,0.0997252066793579,8.98008200422511e-05,9.50244153504711,0.10075314609825,8.8515503852263e-05,9.33793951833907,0.127958727282727,1.97480636157624e-07,0.347290054960531
